"社區ID","社區名稱","縣市","鄉鎮市區","完整地址","緯度","經度","社區簡介","計畫成果重點","社區照片網址","照片替代文字","YouTube影片網址","是否發布","顯示順序"
"C001","社團法人台北市文山區明興社區發展協會","臺北市","文山區","臺北市文山區木柵路2段109巷34號2樓","24.990127","121.562853","明興社區以青銀共學為核心，邀請長者把運動、飲食文化與藝術專長帶進兒少課程，從被照顧者轉為知識傳承者。社區也培訓志工使用 Google Earth 與 My Maps 盤點生活資源，讓跨世代交流與數位圖資共同成為社區發展的基礎。","完成 5 場跨世代共融課程，由長者帶領兒少體驗桌遊、運動、飲食文化與藝術；辦理 GIS 圖資培力，建立運動及採購飲食 2 份社區生活圖資；由臺北市社會局人民團體科及南區社區培力團隊協助課程規劃與師資媒合；持續規劃 GIS 進階培訓、AI 應用及圖資長期維護機制","./assets/community/C001.webp","明興社區志工陪伴長者使用平板確認社區運動地圖","https://youtu.be/4-jNO6ocvrA","是","1"
"C002","新北市永和區民權社區發展協會","新北市","永和區","新北市永和區民族里民權路60號4樓","24.998018","121.519921","民權社區讓長者從服務接受者成為社區行動者，透過幸福爺奶保姆、臨終陪伴與心靈補給站，陪伴幼兒、獨居長者及精神障礙者。社區也把 VR、無人機足球與健康照護帶進日常，讓不同世代及族群都能在互助中找到角色。","首創幸福爺奶保姆制度，培訓高齡者投入 0 至 3 歲幼兒的臨時喘息照顧；推動臨終陪伴，由長者志工走入獨居或高風險長者家中提供陪伴與共餐；設立心靈補給站，讓高齡志工與精神障礙者共同參與服藥提醒、共餐及工作分工；導入 VR 安照小護士及無人機足球等科技，促進健康照護與延緩失能","./assets/community/C002.webp","民權社區長者在志工陪伴下體驗無人機足球","https://youtu.be/wqheb3AoONA","是","2"
"C003","臺北市北投區幸福永和社區發展協會","臺北市","北投區","臺北市北投區永和里行義路63號","25.126214","121.52795","幸福永和社區從弱勢關懷走向全齡共好，透過社區園圃、農務與多元課程，讓身心障礙者、長者及志工共同參與。社區並以 LINE 建置六 GO 系統，整合資訊、商品、健康與互助服務，讓居民在熟悉的工具中建立連結。","以共同維護的社區園圃及農務活動，支持身心障礙者建立自信並參與社區；建置 LINE 六 GO 系統，作為社區資訊與服務的日常入口；串聯弱勢家庭商品、資源循環與居民自主健康管理；辦理共生人才培育及智慧科技課程，同步建置社區資料庫並規劃耆老口述歷史影像紀錄","./assets/community/C003.webp","幸福永和社區居民在共同維護的園圃合影","https://youtu.be/n87vBcUi2jw","是","3"
"C004","臺北市南港區久如社區發展協會","臺北市","南港區","臺北市南港區研究院路2段208號1樓","25.036668","121.617105","久如社區從邊陲地區的自助互助傳統出發，發展涵蓋長者、家庭與不同世代的共生服務。居民透過問安、育兒支持、共餐及物品分享彼此照應，並逐步培育青年與青壯志工，讓照顧成為社區共同參與的日常。","「老寶貝問安」鼓勵受關懷長輩成為志工，主動關心其他長者；新手爸爸媽媽支持團體由資深團員傳承育兒經驗；建置物品分享、循環利用、共餐及跳蚤市場等共好機制；培訓青年與青壯族群擔任志工，並與南港老服中心合作提供專業支持","./assets/community/C004.webp","久如社區青年志工陪伴長者操作手機","https://youtu.be/6lOGlObCwQI","是","4"
"C005","新北市三峽區龍恩里辦公處龍恩關懷據點","新北市","三峽區","新北市三峽區龍學里學成路396號4樓","24.944196","121.377771","龍恩關懷據點以貼近生活的 AI 與手機課程陪伴長者跨越數位落差，並培訓學員成為助教。社區進一步發展共生銀行、在地商家合作及無人機足球，讓科技學習轉化為居民互助、跨世代共學與社區參與。","銀髮資訊賦能課程已服務至少 500 位長者，並培訓長者協助教學；規劃龍恩共生銀行 APP，以課程與服務累積共生幣並串聯在地商家；透過大小工作坊引導居民理解共生與服務價值；以無人機足球吸引男性長者、兒少及青年共同學習，擴大跨世代參與","./assets/community/C005.webp","龍恩關懷據點長者與志工完成無人機足球共學活動後合影","https://youtu.be/wLczaBQLaq4","是","5"
"C006","宜蘭縣冬山鄉香和社區發展協會","宜蘭縣","冬山鄉","宜蘭縣冬山鄉香和村香南路33號","24.628801","121.797626","香和社區以古法醬油、酵素製作與數位培力串聯長者、兒少及家庭，讓傳統技藝成為跨世代交流的媒介。透過 LINE 聯繫網絡及陪伴式教學，長者不只學會數位工具，也逐步成為同儕助教與社區內容的共同創作者。","辦理拙荊醬油三代共學，由長者帶領幼兒、家庭與志工傳承釀造技藝；建立 LINE 社區聯繫網絡，降低居民取得資訊與互動的門檻；由壯年志工協助長者學習外送點餐、貼圖與海報製作；培訓具數位能力的長者擔任助教，形成長者教長者的互助模式","./assets/community/C006.webp","香和社區長者與兒少一起參與跨世代手作活動","https://youtu.be/UQsbS6qku_o","是","6"
"C007","桃園市平鎮區三安社區照顧關懷據點","桃園市","平鎮區","桃園市平鎮區華安里平東路246巷16弄2號","24.916228","121.248536","三安社區從家庭節能健診與自主健康管理切入，吸引具行動力的新長者走進關懷據點。社區培育居民成為召集人，並盤點在地商家與生活資源，讓據點逐步轉型為建立關係、串聯需求與促成互助的平台。","以家庭節能健診協助居民了解用電、插座安全與居家健康環境；運用人體組成量測、步行及飲食紀錄 APP 培養自主健康管理；培育新長者擔任召集人，帶動夥伴參與並陪伴居民使用數位工具；盤點在地商家與生活服務，建立居民、召集人及商家的互助網絡","./assets/community/C007.webp","三安社區志工陪伴居民進行健康量測與紀錄","https://youtu.be/bX3ZqROMyPA","是","7"
"C008","新竹市香山區海山社區發展協會","新竹市","香山區","新竹市香山區海山里大湖路61號","24.756476","120.910374","海山社區以角色翻轉為特色，鼓勵長者成為咖啡職人與手作講師，再結合科技、安全設備及在地資源，回應高齡與弱勢居民的生活需求。社區也引入青年與學校力量，持續擴大跨世代參與及生活支持網絡。","完成 60 份前後測問卷，依調查結果調整共生服務；完成感應燈安裝並建立 LINE 緊急聯絡系統，強化居家安全；規劃肌力訓練與瑜伽等常態健康課程；串聯青年志工、學校與商家資源，並讓長者擔任手作講師，從接受服務轉為社區貢獻者","./assets/community/C008.webp","海山社區長者與青年一起進行跨世代手作活動","https://youtu.be/FXPoyh8K-sw","是","8"
"C009","新竹縣新埔鎮新北社區發展協會","新竹縣","新埔鎮","新竹縣新埔鎮新北里6鄰45-3號","24.847415","121.145034","新北社區以 LINE 中的「好運村」打造生活化的互助平台，居民可在感恩花園留下彼此協助的紀錄，透過互助大聲公認領任務，再用點數兌換生活物品。社區持續陪伴長者試用並依回饋改善介面，讓科技逐步連回客家聚落的換工精神。","建置不需另行下載的好運村互助平台，整合感恩花園、互助大聲公與好運商城；以米食節、韭菜日及兌換日測試點數使用與居民參與；依長者操作經驗調整字體、選單及互助入口；把採韭菜與牛踏層造生態池製作成數位繪本，延伸地方活動與文化記憶","./assets/community/C009.webp","新北社區工作人員向居民示範好運村互助平台","https://youtu.be/phg2ZqXEscY","是","9"
"C010","新竹市北區海濱社區發展協會","新竹市","北區","新竹市北區海濱里聖軍路26號","24.833253","120.926677","海濱社區以青銀共學為核心，運用 AI 對話、數位創作及地方導覽，引導長者與青年分享記憶、共同學習。社區並串聯大學、身心障礙服務機構與志工，逐步建立跨群體支持網絡及在地故事的轉化機制。","先行辦理 3 場青銀共學活動，依參與回饋調整後續課程；以 AI 對話、生成圖片及懷舊歌曲促進長者生命經驗分享；與玄奘大學、清華大學及智樂活等單位建立跨域合作；培育居民擔任智慧導覽協力人員，發展社區特色導覽並規劃將共創成果帶入社區小舖","./assets/community/C010.webp","海濱社區青年陪伴長者使用平板進行 AI 對話共學","https://youtu.be/ntMNP8tmuB0","是","10"
"C011","苗栗縣頭屋鄉明德社區發展協會","苗栗縣","頭屋鄉","苗栗縣頭屋鄉明德村6鄰81號","24.585868","120.886073","明德社區面對超高齡化、數位落差與志工不足，建立數位導師、物流協助員及關懷志工的分工模式。社區以線上訂購與線下配送結合生活照顧，並朝串聯頭屋鄉各社區的在地生活系統發展。","65 歲以上人口占 42.4%，以數位工具與人力分工回應高齡生活需求；由數位導師陪伴科技學習、物流協助員配送物資與藥品、關懷志工提供健康陪伴；發展線上訂購加線下志工配送的服務模式；透過工作坊、座談與觀摩凝聚居民共識，並規劃把經驗擴散至頭屋鄉其他社區","./assets/community/C011.webp","明德社區志工陪伴長者操作平板學習智慧共生服務","","是","11"
"C012","社團法人南投縣竹山鎮延正社區發展協會","南投縣","竹山鎮","南投縣竹山鎮延正里延正路70號","23.772992","120.697891","延正社區以科技賦能高齡照護，培訓資訊種子志工陪伴長者使用智慧裝置，並把健康資料傳送至醫療端。社區另建置可供協力社區使用的管理系統，逐步形成跨據點的數位照護網絡。","截至 7 月底已有 70 名長者登錄健康管理系統，累計服務 9,835 人次；投入 10 萬元建置社區管理系統，供延正、竹山、籐湖等 5 個協力社區使用；系統整合志工與個案健康管理等 5 大功能，並以雲端儲存降低資料遺失風險；辦理 2 場方案工作坊共 20 人參與，持續培養居民的數位應用能力","./assets/community/C012.webp","延正社區居民參與 AI 數位科技培力課程","","是","12"
"C013","社團法人彰化縣彰化市忠權社區發展協會","彰化縣","彰化市","彰化縣彰化市忠權里自立街146號","24.086069","120.537092","忠權社區以數位課程協助長者跨越科技門檻，並深化時間銀行，讓陪伴、代辦、送餐與領藥等服務回應日常需求。社區同時串聯 LINE 健康管理、遠距照護與跨社區合作，逐步形成科技與人力互相支援的互助網絡。","首堂社區數位課程吸引 30 位長者參與，並完成 60 份科技使用前後測問卷；時間銀行由 8 項擴增至 10 項服務，招募 6 名專長志工並累計提供 21 次服務；協助長者註冊 LINE 健康管理平台，建置 15 筆健康資料並完成 5 件藥物提醒；參與彰化共力共生生活圈，串聯 8 個鄉鎮、24 個社區交流合作","./assets/community/C013.webp","忠權社區志工為長者提供代領藥物服務","","是","13"
"C014","社團法人嘉義市東區精忠社區發展協會","嘉義市","東區","嘉義市東區圳頭里精忠一村1-6號","23.49157","120.47674","精忠社區以無人機足球打開長者接觸科技的入口，讓兒少化身小教練，陪伴長者從操作到競賽。科技活動進一步串聯健康、教育、志工培力與跨社區交流，形成長者與孩子彼此教學、共同成長的共學圈。","以反向教導模式由兒少陪伴長者學習無人機操作；活動參與率突破 80%，長者與兒少互動頻率提升 35%；結合藥師、營養師及專業講師，把科技活動延伸至健康促進與志工培力；無人機足球模式吸引 8 個跨社區單位參與，並透過線上平台共同討論後續活動","./assets/community/C014.webp","精忠社區長者與兒少在場地中共同體驗無人機足球","","是","14"
"C015","社團法人彰化縣秀水鄉馬興社區發展協會","彰化縣","秀水鄉","彰化縣秀水鄉馬興村西銘巷6-1號","24.062733","120.495685","馬興社區從物資管理與服務流程盤點開始，逐步推動資源整合及數位轉型。社區採分階段策略建立志工、健康與資源管理機制，並透過陪伴式教學降低長者與志工使用數位工具的門檻。","建立物資管理表格並完成社區資源盤點，改善紀錄分散與追蹤不易；以每月聯繫會報串聯志工、社區及地方政府資源；規劃以最小可運作系統優先處理志工管理與健康紀錄，再逐步擴充資源管理；嘗試以 LINE 平台整合居民、志工及後台聯繫，並規劃分齡分級及陪伴式數位教學","./assets/community/C015.webp","馬興社區居民與志工在數位服務說明會中合影","","是","15"
"C016","南投縣埔里鎮珠仔山社區發展協會","南投縣","埔里鎮","南投縣埔里鎮珠格里珠生路36-5號","23.94244","120.958231","珠仔山社區以每天的 LINE 早安問候串起長者安全、志工關懷與服務紀錄，未回覆者由志工接續訪視。多語公告讓新住民更容易參與，數位導覽與在地商城則連結咖啡、筊白筍、手作及返鄉青年，讓科技協助居民彼此看見、找得到也接得上。","以三個大按鈕的 LINE 早安問候掌握長者平安狀況，未回覆名單交由志工訪視；將志工簽到退與服務時數數位化，自動彙整年度報表；社區公告同步提供印尼文及越南文，降低新住民參與門檻；以 QR 導覽及「珠勢大吉」串聯咖啡、筊白筍、手作商品與導覽預約","./assets/community/C016.webp","珠仔山社區志工入戶關懷高齡居民並合影","","是","16"
"C017","雲林縣大埤鄉尚義社區發展協會","雲林縣","大埤鄉","雲林縣大埤鄉尚義村尚義6-5號","23.631023","120.462631","尚義社區把健康量測、雲端紀錄與生活化提醒帶進偏鄉長者的日常，並由年輕志工陪伴長者理解數據。無人機足球、影像創作及共生菜園等活動也讓長者、青年與身心障礙者從接受服務走向共同參與。","與臺大醫院雲林分院合作導入血壓、心率等健康量測與雲端資料分析；建立 LINE 官方帳號及互助群組，異常數據可通知管理員追蹤並提供回診參考；以無人機足球、數位攝影及短影音推動青銀雙人學習；發展長者與身心障礙者共同參與的共生菜園，並導入防跌通報及智慧心電圖訪視","./assets/community/C017.webp","尚義社區青年陪伴長者進行無人機足球共學","","是","17"
"C018","嘉義縣房角石福利協會","嘉義縣","義竹鄉","嘉義縣義竹鄉埤前村埤子頭86號","23.346654","120.222792","房角石福利協會以科技、共融與主動照顧翻轉偏鄉長照，讓長者與身心障礙者共同耕作、運動及傳承手藝。智慧設備與身心數據協助工作人員及早發現需求，移工支持團契則把照顧延伸至社區中的隱形照顧者。","原定培訓 5 名志工，實際完成 6 名專業訓練，投入健康量測及智慧器材管理；長者與身心障礙者共同經營掌聲菜園，並由長者擔任手藝傳承師；智慧運動器材使用次數由 19,691 次提升至 69,695 次，成長逾 3.5 倍；心靈小棧協助及早關懷並轉介 1 位長者就醫，另辦理 4 場印尼籍移工支持活動共 50 人次","./assets/community/C018.webp","房角石長者與夥伴在掌聲菜園共同整理植栽","","是","18"
"C019","臺中市新社區崑南社區發展協會","臺中市","新社區","臺中市新社區崑山里崑南街55-1號","24.24154","120.785671","崑南社區以健康共生與智慧同行回應偏鄉高齡化、交通不便及數位落差。醫療評估、互動遊戲、健康平台與陪伴式教學彼此串聯，讓志工成為資源連結者，協助長者在熟悉的社區持續生活。","與東勢農民醫院合作，協助 30 位長者完成 ICOPE 整合照護評估並開立 6 張社會處方箋；以 Switch 互動遊戲訓練反應與肢體協調，並透過平台累積健康數據；由志工採一對一或小組方式陪伴長者學習手機及健康管理系統；串聯區公所、衛生所、醫療與長照資源，並研議社區接送及鄰里互助機制","./assets/community/C019.webp","崑南社區長者與志工分組交流健康與數位服務","","是","19"
"C020","臺南市南區金華社區發展協會","臺南市","南區","臺南市南區金華里慶南街201號","22.98091","120.190399","金華社區以居民熟悉的 LINE 作為數位服務入口，整合課程、共餐、社區公告、防詐與既有 5GO 讚服務。社區同步推動操作陪伴、種子講師及居家安全設備，讓資訊取得與安全照護逐步進入居民日常。","完成 LINE 官方帳號、圖文選單、6 個服務頁面、6 組關鍵字回覆及防詐專區；把平台操作融入既有活動，開始培育智慧科技種子講師；召開 4 次工作會議追蹤平台導入並建立自主推廣量能；社區安聯網已完成 13 戶實體安裝，後續持續進行 APP 串接與測試","./assets/community/C020.webp","金華社區長者使用手機操作 LINE 社區服務平台","","是","20"
"C021","財團法人弘道老人福利基金會-高雄前金林投好客廳","高雄市","前金區","高雄市前金區林投里大同二路54號之11","22.626867","120.294164","林投好客廳把數位學習、智慧健康、趣味健走與跨世代活動串成居民可日常參與的支持網絡。科技用來降低生活門檻，志工與外部夥伴則把量測、健走、奉茶及交流帶進社區。","已辦理 24 堂數位學習課程，協助長者把手機用於資訊查詢與社區參與；啟用智慧健康照顧站，整合血壓、心率、體脂、血氧及 AI 健康小助手；皮克敏趣味健走完成 8 隊組隊、共 40 人參與，並延伸健走巡守與血壓外展；串聯 6 個外部夥伴，天熱奉茶休息站截至 8 月底服務超過 1,500 人次","./assets/community/C021.webp","林投好客廳長者與學童參與跨世代共學活動","","是","21"
"C022","高雄市大社區觀音社區發展協會","高雄市","大社區","高雄市大社區觀音里新生街51號","22.72616","120.349817","觀音社區從居民需求調查出發，優化健康管理系統並陪伴長者使用科技。社區同時培育銀齡園丁、咖啡職人與修繕達人，讓長者把興趣與經驗轉化為服務，並在迎鄰好客廳持續發揮。","與政府、區公所及大學合作完成 393 份有效需求問卷；CSMS 已有 197 位會員，並為 107 位長者建立健康檔案；培育銀齡園丁、咖啡職人及修繕達人，已有 28 位長者投入三類課程與服務；完成迎鄰好客廳空間及服務模式規劃，作為居民交流、成果展示與互助服務場域","./assets/community/C022.webp","輔英科技大學學生陪伴觀音社區長者使用健康量測設備","","是","22"
"C023","臺南市永康區西灣社區發展協會","臺南市","永康區","臺南市永康區西灣里永華路201巷12號","23.010501","120.258895","西灣社區以數位管理、LINE 官方帳號與健康回報回應高齡化及數位落差，並推動第三家庭與孤獨處方箋，讓志工持續陪伴長者。能力盤點、智慧手錶及退休人才資料庫，則把健康管理與居民專長逐步帶進社區治理。","整合課程、設備試辦及服務紀錄，並以 LINE 提供防災資訊與健康回報；智慧共生說明會帶領 50 位參與者加入官方帳號並操作能力盤點與健康表單；完成 47 位長者能力盤點，導入 33 支智慧手錶進行健康監測；試辦 QR Code 簽到與數位巡邏，並盤點退休專業人力建立人才資料庫","./assets/community/C023.webp","西灣社區志工陪伴長者使用手機加入數位服務","","是","23"
"C024","高雄市前鎮區路中廟社區發展協會","高雄市","前鎮區","高雄市前鎮區竹西里廣東三街73號3樓","22.609304","120.319865","路中廟社區以 AI 手機應用與中高齡運動社團延續居民關係，讓學習從課堂走向互助服務。核心幹部、居民調查及青銀走讀把科技、健康與社區探索串在一起，不同世代在陪伴操作及分享生活經驗的過程中逐步建立信任。","AI 手機社團學習生成式 AI、手機工具與防詐，並協助居民操作皮克敏及製作 LINE 貼圖；籌備中高齡運動社團並串聯運動 i 臺灣資源；培育 5 位共生核心幹部，協助社團管理、計畫推動與社群維繫；與中正高工學生合作青銀走讀，以皮克敏任務串聯手機操作、步行運動及社區探索","./assets/community/C024.webp","路中廟社區長者與學生使用手機進行青銀共學","","是","24"
"C025","高雄市林園區文賢社區發展協會","高雄市","林園區","高雄市林園區林園里林園北路179號","22.502668","120.393254","文賢社區從紙本紀錄、檔案分散與巡守通報不易等日常問題出發，將數位工具帶進志工培力與工作流程。線上表單、數位巡邏及 NAS 雲端資料庫，讓服務紀錄更即時，也使社區經驗更容易查找、交接與延續。","培訓志工使用 Google 表單、NAS 雲端管理、拍照錄影及防詐工具；在巡邏據點設置 QR 碼，完成智生活平台後台與班別設定並配置公務手機；目前已有 95% 以上志工使用數位巡邏工具，即時回傳簽到、照片與通報；依行政、兒少、社區照顧、日照、送餐及志工等業務建立 NAS 分類架構","./assets/community/C025.webp","文賢社區志工在數位學習課程中體驗 VR 設備","","是","25"
"C026","臺南市北區勝安社區發展協會","臺南市","北區","臺南市北區長勝里長榮路五段41巷46號A棟1樓","23.012594","120.21999","勝安社區從志工培力、數位服務與健康促進三個面向建立全齡互助環境。居民透過 LINE 中的長勝智慧管家取得資訊與服務，並結合青銀共學、健康復能、共照雲及防跌流程，讓科技成為社區健康與安全支持的一部分。","與成功大學 USR 團隊合作推動青銀共學，並規劃階梯式志工培訓；建置長勝智慧管家 LINE 官方帳號，整合 6 大功能，目前已有 50 人加入；完成跌倒警報的觸發、確認、通知及結案追蹤流程規劃；建置高齡健康復能運動據點，串接臺南市共照雲並規劃 AI 動態骨架防跌、二手輔具借用及社區健身房","./assets/community/C026.webp","勝安社區居民在志工陪伴下操作長勝智慧管家","","是","26"
"C027","金門縣金湖鎮下莊社區發展協會","金門縣","金湖鎮","金門縣金湖鎮山外里下莊50號","24.451645","118.427875","下莊社區以銀髮志工、幼兒與青年之間的角色翻轉，讓戰地故事、舞台表演及代間共學成為長者持續參與的舞台。面對聚落分散、交通與數位落差，社區持續培養志工、串聯金門大學並推動健康與數位學習，為離島社區累積接班力量。","銀髮志工走入幼兒園分享戰地故事，並把生活經驗轉化為表演與社區服務；透過大旗艦計畫推動志工能量課程、代間共學及大手牽小手暑期營；串聯金門大學學生與社區兒童，逐步建立兒童到青年的培育路徑；持續推動手機、QR Code、健康設備及共照雲的數位培力，並規劃社區資源資料庫","./assets/community/C027.webp","下莊社區長者、青年與兒童參與跨世代共學活動","https://youtu.be/xlqAkFHbAqM","是","27"
"C028","屏東縣內埔鄉黎明社區發展協會","屏東縣","內埔鄉","屏東縣內埔鄉黎明村黎東路353號","22.68956","120.602514","黎明社區與屏東科技大學以青銀共創改善公共空間，並把數位模擬、3D 列印與雷雕帶進社區行動。從古厝景觀、九重葛步道到戰鬥陀螺與互助市集，居民逐步成為場域規劃與活動發起的主體。","居民與屏科大合作運用燒杉技術完成汪家古厝木製圍欄，並以互助點數維護植栽；以 3D 列印及雷雕製作活動小禮物，連結傳統生活與數位創作；透過數位模擬、社群宣傳與居民參與打造九重葛藤蔓步道；黎明盃戰鬥陀螺首場吸引上百人，後續由居民接力辦理逾 10 場並結合互助市集與在地音樂","./assets/community/C028.webp","黎明社區居民共同完成九重葛步道並參與啟用活動","","是","28"
"C029","臺東縣卑南鄉賓朗村辦公室","臺東縣","卑南鄉","臺東縣卑南鄉賓朗村18鄰賓朗路474巷3號","22.808209","121.092904","賓朗村以運動換金幣串聯健康照護、跨族群志工與在地商家。長者透過健康量測取得 TTPush 電子金幣，青年提供數位協助，長者則分享卑南文化與生活知識，形成雙向支持。","由卑南族長者、閩南新住民與返鄉青年組成 10 人數位互助團；完成 2 家在地商家的 TTPush 特約店簽約測試，建立運動換金幣及在地消費循環；青年協助操作智慧健康監測站，並向長者學習傳統歌謠與農耕知識；參與長者運動頻率提升 37%，合作商家在地消費額增加 22%","./assets/community/C029.webp","賓朗村長者、志工與合作夥伴在社區活動後合影","","是","29"
"C030","花蓮縣花蓮市碧雲莊社區發展協會","花蓮縣","花蓮市","花蓮縣花蓮市國興里介禮街46號","23.997208","121.573083","碧雲莊以人為核心，運用科技連結生命故事、新移工展能、銀髮健身與雲幣互助。計畫也帶動青年與核心志工接棒，讓數位工具、共享書箱及跨社區學習持續在居民日常運轉。","培力 19 位生命整理師，完成 12 篇長者生命故事，其中 4 篇發展為 26 頁繪本初稿；完成 4 部新移工主題影片，促進居民理解照顧者的生活與貢獻；銀髮健身俱樂部完成 53 人、102 人次體驗，並有 6 人持續加入課程；3 位青年完成雲幣 APP 更新，帶動 30 位居民每人至少 3 次實作，志工接續推動擴散；修復 6 座小小自由圖書館並更新書箱地圖，活化共享據點","./assets/community/C030.webp","碧雲莊長者在教練陪伴下使用銀髮健身器材","","是","30"
